batch,cell_key,actual,predicted,error,absolute_error
Batch 3,Batch 3-C38,1935.0,1028.3123474228632,-906.6876525771368,906.6876525771368
Batch 3,Batch 3-C07,1836.0,1090.9937998005707,-745.0062001994293,745.0062001994293
Batch 3,Batch 3-C45,1801.0,1104.9757555148472,-696.0242444851528,696.0242444851528
Batch 3,Batch 3-C42,1642.0,1028.9342315670594,-613.0657684329406,613.0657684329406
Batch 3,Batch 3-C16,1638.0,1180.5823102993818,-457.4176897006182,457.4176897006182
Batch 2,Batch 2-C18,449.0,751.8003935978952,302.8003935978952,302.8003935978952
Batch 2,Batch 2-C06,393.0,674.6176447778646,281.6176447778646,281.6176447778646
Batch 2,Batch 2-C15,396.0,668.6221435018924,272.6221435018924,272.6221435018924
Batch 3,Batch 3-C17,1315.0,1070.8333902834574,-244.16660971654255,244.16660971654255
Batch 2,Batch 2-C09,791.0,1029.3498264653713,238.34982646537128,238.34982646537128
